id,first_name,last_name,email,gender,ip_address
1,Carolee,Roblett,croblett0@fc2.com,Female,193.15.36.252
2,Maurizio,Brislane,mbrislane1@springer.com,Male,32.82.189.199
3,Rosella,Elstone,relstone2@webeden.co.uk,Female,99.240.68.144
4,Dennie,Tonner,dtonner3@wikimedia.org,Female,156.70.91.16
5,Tarrance,Leupold,tleupold4@nyu.edu,Male,26.156.218.19
6,Anni,Fayne,afayne5@constantcontact.com,Female,126.91.112.71
7,Ed,Shmyr,eshmyr6@wix.com,Male,217.149.58.171
8,Beverlee,Buick,bbuick7@cam.ac.uk,Female,248.145.177.175
9,Arlena,Chmarny,achmarny8@spiegel.de,Female,162.31.175.201
10,Gilberte,Champain,gchampain9@ucla.edu,Female,112.148.240.120
11,Cory,McGiffie,cmcgiffiea@deviantart.com,Female,81.138.238.203
12,Sile,Savidge,ssavidgeb@chronoengine.com,Female,254.153.18.103
13,Dannie,Nevett,dnevettc@ibm.com,Female,222.96.96.80
14,Berkly,Rowcliffe,browcliffed@msu.edu,Male,69.201.73.17
15,Rose,Paler,rpalere@nyu.edu,Female,56.115.82.224
16,Violette,Lurner,vlurnerf@ibm.com,Female,51.250.220.102
17,Lethia,Eburne,leburneg@ihg.com,Female,116.14.186.159
18,Archer,Webbe,awebbeh@spiegel.de,Male,37.64.150.124
19,Faith,Levens,flevensi@wikipedia.org,Female,168.75.2.0
20,Clerc,Beavington,cbeavingtonj@ucoz.com,Male,26.13.49.252
21,Elsey,Wynes,ewynesk@webnode.com,Female,201.167.87.125
22,Quincy,Tink,qtinkl@cam.ac.uk,Male,154.52.62.39
23,Kelvin,Rosoni,krosonim@ucoz.ru,Male,62.109.33.168
24,Kati,Sherringham,ksherringhamn@smh.com.au,Female,67.218.2.18
25,Doreen,Heinecke,dheineckeo@paginegialle.it,Female,185.186.89.41
26,Sidnee,Gawthorpe,sgawthorpep@yolasite.com,Male,101.41.234.238
27,Morey,Hofler,mhoflerq@businesswire.com,Male,171.135.16.41
28,Zondra,Emberton,zembertonr@discovery.com,Female,103.79.63.153
29,Miner,Favel,mfavels@foxnews.com,Male,245.192.125.128
30,Ardyth,Kivelhan,akivelhant@icq.com,Female,255.121.243.233
31,Kirbie,Suff,ksuffu@slashdot.org,Female,73.89.13.88
32,Son,Edgeley,sedgeleyv@virginia.edu,Male,46.167.131.63
33,Sissy,Carme,scarmew@netvibes.com,Female,13.36.214.41
34,Julienne,Boultwood,jboultwoodx@newyorker.com,Female,226.93.117.252
35,Wilmar,Degue,wdeguey@google.pl,Male,162.182.254.50
36,Magdaia,D'Ruel,mdruelz@xing.com,Female,244.19.217.225
37,Johann,Witheridge,jwitheridge10@imageshack.us,Male,20.184.26.154
38,Dolly,Jelf,djelf11@furl.net,Female,112.243.105.226
39,Nance,Deinhard,ndeinhard12@tinypic.com,Female,121.1.134.68
40,Harold,Fetherstone,hfetherstone13@house.gov,Male,71.138.76.201
41,Broddy,Clist,bclist14@ihg.com,Male,201.4.236.211
42,Farley,Coupland,fcoupland15@tmall.com,Male,190.186.178.143
43,Hamish,Shellard,hshellard16@statcounter.com,Male,74.137.208.231
44,Georgiana,Copas,gcopas17@flavors.me,Female,203.163.89.159
45,Colman,Pinnock,cpinnock18@google.cn,Male,128.13.28.149
46,Danita,Ockendon,dockendon19@upenn.edu,Female,202.166.207.171
47,Fae,Checketts,fchecketts1a@sogou.com,Female,66.234.108.26
48,Zorina,Pimblotte,zpimblotte1b@nature.com,Female,212.217.224.13
49,Jamima,Purver,jpurver1c@wufoo.com,Female,36.208.37.187
50,Ellie,Swallow,eswallow1d@taobao.com,Female,100.20.203.76
51,Ernest,Rattray,erattray1e@columbia.edu,Male,247.171.218.55
52,Catha,Toland,ctoland1f@sciencedirect.com,Female,135.0.33.38
53,Boonie,Noquet,bnoquet1g@linkedin.com,Male,222.242.91.244
54,Ambrose,Hutchens,ahutchens1h@dyndns.org,Male,206.67.8.23
55,Alic,Bon,abon1i@vk.com,Male,159.200.85.144
56,Fernando,Slograve,fslograve1j@yolasite.com,Male,104.211.100.179
57,Yovonnda,Conti,yconti1k@ning.com,Female,193.213.101.128
58,Cull,Castanone,ccastanone1l@earthlink.net,Male,95.142.180.138
59,Laurianne,Skeemor,lskeemor1m@simplemachines.org,Female,148.146.134.106
60,Kaylee,Alejandro,kalejandro1n@cafepress.com,Female,77.187.39.189
61,Ulrick,Cholerton,ucholerton1o@eventbrite.com,Male,232.208.178.175
62,Ivan,Valti,ivalti1p@themeforest.net,Male,181.165.78.173
63,Ludovico,Kristoffersen,lkristoffersen1q@delicious.com,Male,48.39.93.68
64,Jeffry,Dudding,jdudding1r@bloglovin.com,Male,161.44.98.198
65,Inger,Bingham,ibingham1s@wsj.com,Male,46.138.27.101
66,Vitoria,Creaser,vcreaser1t@whitehouse.gov,Female,88.130.106.0
67,Matias,Trowbridge,mtrowbridge1u@deviantart.com,Male,93.69.248.235
68,Brion,Jackett,bjackett1v@microsoft.com,Male,83.67.208.137
69,Manny,Fellman,mfellman1w@so-net.ne.jp,Male,41.17.153.24
70,Michel,Maxsted,mmaxsted1x@admin.ch,Female,45.59.148.174
71,Nicol,Currell,ncurrell1y@biblegateway.com,Female,143.69.70.125
72,Sydelle,Beynon,sbeynon1z@sogou.com,Female,37.33.121.89
73,Heather,Menhci,hmenhci20@digg.com,Female,161.192.190.169
74,Evie,Stiegers,estiegers21@jimdo.com,Female,2.3.55.188
75,Karry,Payle,kpayle22@posterous.com,Female,21.148.228.161
76,Giles,Hammerberg,ghammerberg23@senate.gov,Male,124.115.130.35
77,Arnoldo,Brownlie,abrownlie24@php.net,Male,85.147.72.252
78,Nona,Lias,nlias25@usda.gov,Female,145.75.251.169
79,Preston,Norssister,pnorssister26@twitter.com,Male,76.58.214.81
80,Lorinda,Alwood,lalwood27@dot.gov,Female,178.249.40.239
81,Rosana,Scollard,rscollard28@omniture.com,Female,88.231.8.121
82,Kinsley,Hamlington,khamlington29@about.me,Male,5.29.227.23
83,Ianthe,Abyss,iabyss2a@sphinn.com,Female,192.70.3.65
84,Abrahan,Tallent,atallent2b@jalbum.net,Male,32.112.238.28
85,Stefano,Pavia,spavia2c@ebay.com,Male,46.234.229.138
86,Charline,Shawl,cshawl2d@cloudflare.com,Female,9.215.192.147
87,Binny,Draye,bdraye2e@livejournal.com,Female,177.150.53.58
88,Harris,Swyre,hswyre2f@reuters.com,Male,22.88.187.209
89,Chrystel,Bucke,cbucke2g@aboutads.info,Female,67.80.49.121
90,Annmarie,Tidder,atidder2h@dropbox.com,Female,11.226.169.7
91,Hazel,Redborn,hredborn2i@hostgator.com,Male,195.229.52.164
92,Torey,Benjefield,tbenjefield2j@vinaora.com,Female,245.72.191.138
93,Mychal,Curless,mcurless2k@amazonaws.com,Male,209.72.45.153
94,Sunny,Lonsbrough,slonsbrough2l@thetimes.co.uk,Male,230.11.203.116
95,Ilka,Menaul,imenaul2m@msu.edu,Female,7.157.19.19
96,Merrile,Rounds,mrounds2n@dmoz.org,Female,0.172.49.174
97,Merola,Lettson,mlettson2o@ustream.tv,Female,223.233.152.165
98,Dynah,Tremmel,dtremmel2p@whitehouse.gov,Female,105.73.164.239
99,Zola,Thirtle,zthirtle2q@opensource.org,Female,77.68.195.176
100,Yasmeen,Catonne,ycatonne2r@whitehouse.gov,Female,204.26.71.242
101,Benedikta,Wheble,bwheble2s@kickstarter.com,Female,237.132.239.173
102,Carlen,Burgoine,cburgoine2t@vimeo.com,Female,200.14.93.231
103,Leonie,Frankowski,lfrankowski2u@cisco.com,Female,59.121.59.185
104,Durand,O' Hogan,dohogan2v@sogou.com,Male,87.26.185.111
105,Siffre,Purton,spurton2w@paypal.com,Male,109.254.205.136
106,Nikita,Shorto,nshorto2x@harvard.edu,Male,223.125.224.109
107,Othelia,Swateridge,oswateridge2y@opensource.org,Female,96.172.12.121
108,Albert,Craddock,acraddock2z@slideshare.net,Male,68.235.82.130
109,Mariann,Lister,mlister30@yandex.ru,Female,241.12.57.199
110,Gavin,Tattersfield,gtattersfield31@cmu.edu,Male,4.72.210.136
111,Whitney,Pettus,wpettus32@gmpg.org,Male,160.17.22.141
112,Ado,Stoppe,astoppe33@behance.net,Male,6.158.157.211
113,Gelya,Kristoffersson,gkristoffersson34@mtv.com,Female,36.217.138.185
114,Kellina,Kindread,kkindread35@dell.com,Female,26.250.200.178
115,Essie,Stuckes,estuckes36@weibo.com,Female,194.71.79.172
116,Reginauld,Greenhaugh,rgreenhaugh37@goo.gl,Male,79.189.38.110
117,Luciana,Sambrook,lsambrook38@imgur.com,Female,202.75.140.191
118,Rube,Reinger,rreinger39@businessweek.com,Male,224.176.42.70
119,El,Sebright,esebright3a@nyu.edu,Male,205.15.65.74
120,Ailina,Potticary,apotticary3b@blogspot.com,Female,88.207.149.172
121,Rhianna,Pipes,rpipes3c@livejournal.com,Female,21.133.122.206
122,Bevvy,Nulty,bnulty3d@alibaba.com,Female,85.189.191.104
123,Gordon,Judson,gjudson3e@ox.ac.uk,Male,109.235.115.180
124,Wat,Penn,wpenn3f@nba.com,Male,159.101.77.107
125,Izabel,Sawkin,isawkin3g@businesswire.com,Female,3.206.144.121
126,Callean,Marrison,cmarrison3h@sbwire.com,Male,2.189.161.233
127,Stavro,Radin,sradin3i@globo.com,Male,141.207.148.106
128,Gwenni,Barrass,gbarrass3j@icio.us,Female,0.93.227.150
129,Jelene,Kulas,jkulas3k@gravatar.com,Female,157.52.43.226
130,Hedvige,Huxster,hhuxster3l@163.com,Female,204.116.89.215
131,Ingrid,Knight,iknight3m@i2i.jp,Female,247.196.95.27
132,Sandro,Leith,sleith3n@baidu.com,Male,90.171.15.235
133,Constancia,Kelsow,ckelsow3o@shinystat.com,Female,201.202.5.197
134,Harlene,Pepperd,hpepperd3p@youtube.com,Female,187.77.194.19
135,Jereme,Blacktin,jblacktin3q@answers.com,Male,193.34.203.41
136,Chadwick,Featherstone,cfeatherstone3r@archive.org,Male,174.3.50.230
137,Lloyd,Colchett,lcolchett3s@wired.com,Male,119.3.161.18
138,Bourke,Goodbarne,bgoodbarne3t@mozilla.org,Male,73.16.48.137
139,Evaleen,Ledson,eledson3u@oakley.com,Female,132.19.133.32
140,Norrie,Iddy,niddy3v@bbc.co.uk,Male,54.174.53.17
141,Perri,Jewster,pjewster3w@va.gov,Female,168.203.13.147
142,Maurise,Mullaly,mmullaly3x@netlog.com,Female,184.149.232.192
143,Bernarr,Rihosek,brihosek3y@abc.net.au,Male,109.96.23.173
144,Maryl,Meiningen,mmeiningen3z@patch.com,Female,149.83.2.179
145,Rowland,Dominighi,rdominighi40@ucoz.ru,Male,50.93.205.131
146,Micki,Causey,mcausey41@gov.uk,Female,204.53.53.94
147,Alisander,Toppas,atoppas42@walmart.com,Male,185.82.90.12
148,Vergil,Lisle,vlisle43@technorati.com,Male,14.118.106.140
149,Keane,Eadington,keadington44@networksolutions.com,Male,33.162.37.205
150,Ulla,Cutler,ucutler45@google.cn,Female,100.138.53.74
151,Evita,Knappe,eknappe46@tripadvisor.com,Female,229.205.90.160
152,Sofie,Maffioni,smaffioni47@deliciousdays.com,Female,209.137.36.109
153,Kennan,Sewley,ksewley48@mapquest.com,Male,166.29.220.222
154,Nicholas,Yearby,nyearby49@feedburner.com,Male,114.36.164.19
155,Lek,Mustchin,lmustchin4a@google.es,Male,209.115.232.157
156,Gwyn,Menco,gmenco4b@friendfeed.com,Female,210.209.170.13
157,Charlot,Ketteringham,cketteringham4c@phoca.cz,Female,160.141.81.176
158,Gregoor,Hatherill,ghatherill4d@tiny.cc,Male,254.128.246.152
159,Inez,Kienle,ikienle4e@spotify.com,Female,71.50.54.252
160,Bartlet,Longmuir,blongmuir4f@cargocollective.com,Male,249.173.99.190
161,Ruth,Bowick,rbowick4g@rakuten.co.jp,Female,144.25.215.166
162,Brandyn,Wales,bwales4h@gov.uk,Male,89.24.182.201
163,Frederick,Papps,fpapps4i@photobucket.com,Male,250.5.99.104
164,Randolf,MacKonochie,rmackonochie4j@stanford.edu,Male,216.81.209.213
165,Esme,Drillot,edrillot4k@usatoday.com,Female,164.125.0.184
166,Karlis,Sorro,ksorro4l@hhs.gov,Male,200.125.247.26
167,Lidia,Casajuana,lcasajuana4m@soundcloud.com,Female,166.110.70.243
168,Cullen,Crippen,ccrippen4n@ftc.gov,Male,212.196.18.145
169,Tabitha,Kingdon,tkingdon4o@wordpress.org,Female,202.196.41.179
170,Berty,Conklin,bconklin4p@harvard.edu,Male,152.239.147.69
171,Merle,Talman,mtalman4q@flickr.com,Male,22.39.185.102
172,Ole,Davidovich,odavidovich4r@sakura.ne.jp,Male,249.73.211.15
173,Rubetta,Skurm,rskurm4s@1688.com,Female,99.9.101.213
174,Pearle,O'Fallon,pofallon4t@ameblo.jp,Female,61.230.249.67
175,Somerset,Ferrino,sferrino4u@uol.com.br,Male,144.92.177.57
176,Rodge,Rafter,rrafter4v@aol.com,Male,26.77.104.127
177,Albertina,Savary,asavary4w@reuters.com,Female,13.105.224.87
178,Benny,Vogel,bvogel4x@fda.gov,Female,119.13.183.233
179,Katerine,Pottle,kpottle4y@mozilla.org,Female,90.81.189.228
180,Catriona,Ewells,cewells4z@technorati.com,Female,15.11.104.48
181,Pietro,Elce,pelce50@pcworld.com,Male,145.187.228.137
182,Thorvald,Merriott,tmerriott51@domainmarket.com,Male,183.101.234.45
183,Bron,Strode,bstrode52@yellowbook.com,Male,131.205.227.1
184,Elinor,Aire,eaire53@free.fr,Female,68.4.166.3
185,Yelena,Dey,ydey54@amazon.com,Female,207.89.170.64
186,Felice,Burtwistle,fburtwistle55@examiner.com,Male,172.39.132.35
187,Cully,Bugge,cbugge56@about.com,Male,216.186.238.169
188,Paddy,Meakin,pmeakin57@adobe.com,Male,36.194.146.253
189,Auroora,Puzey,apuzey58@blinklist.com,Female,216.208.32.178
190,Fransisco,Batchelor,fbatchelor59@symantec.com,Male,25.203.23.194
191,Salome,Pendle,spendle5a@usda.gov,Female,120.222.126.65
192,Terrye,Cramb,tcramb5b@php.net,Female,110.191.167.205
193,Whittaker,MacGillespie,wmacgillespie5c@amazon.com,Male,94.224.129.255
194,Riobard,Clare,rclare5d@youtu.be,Male,247.197.69.159
195,Paolo,Cornuau,pcornuau5e@twitter.com,Male,162.224.237.170
196,Dedra,Bentje,dbentje5f@ted.com,Female,118.17.135.14
197,Valida,Lethby,vlethby5g@instagram.com,Female,196.77.243.42
198,Vinnie,Satterley,vsatterley5h@moonfruit.com,Male,241.74.166.175
199,Beilul,Leglise,bleglise5i@nasa.gov,Female,241.109.43.55
200,Stacee,Wildash,swildash5j@gmpg.org,Female,6.81.95.79
201,Pansie,Scurfield,pscurfield5k@wiley.com,Female,167.46.82.69
202,Bertie,Grahl,bgrahl5l@webmd.com,Female,209.44.187.182
203,Alika,Giacomelli,agiacomelli5m@jimdo.com,Female,56.156.8.89
204,Rich,Hazelgreave,rhazelgreave5n@google.co.jp,Male,72.58.129.250
205,Hashim,Capponer,hcapponer5o@miitbeian.gov.cn,Male,234.112.170.3
206,Daphne,Carder,dcarder5p@facebook.com,Female,23.197.4.184
207,Flory,Bullers,fbullers5q@patch.com,Male,136.231.149.109
208,Estevan,Cutmere,ecutmere5r@jimdo.com,Male,20.47.202.70
209,Adena,Niccols,aniccols5s@webeden.co.uk,Female,140.190.1.213
210,Meier,Bools,mbools5t@1688.com,Male,41.210.117.19
211,Lesley,Espinola,lespinola5u@netvibes.com,Male,28.81.37.108
212,Myles,Bourges,mbourges5v@answers.com,Male,174.168.140.72
213,Kay,Race,krace5w@cbslocal.com,Female,23.27.38.86
214,Spencer,Pretsel,spretsel5x@gov.uk,Male,26.6.236.42
215,Wilmer,Ygoe,wygoe5y@hp.com,Male,205.178.130.21
216,Heath,Haldenby,hhaldenby5z@cisco.com,Female,169.241.189.192
217,Adolphe,Chamberlain,achamberlain60@deviantart.com,Male,72.183.193.249
218,Bernadette,Pickford,bpickford61@yolasite.com,Female,243.164.66.201
219,Sky,Teas,steas62@goodreads.com,Male,43.32.146.156
220,Khalil,Guiu,kguiu63@t-online.de,Male,49.95.181.81
221,Margaretha,Gothrup,mgothrup64@weather.com,Female,55.119.203.120
222,Xever,Markel,xmarkel65@shop-pro.jp,Male,252.70.153.152
223,Kore,Perigo,kperigo66@princeton.edu,Female,148.69.220.55
224,Diandra,Gentner,dgentner67@hostgator.com,Female,185.24.145.232
225,Earl,Flasby,eflasby68@networkadvertising.org,Male,202.194.186.153
226,Fraze,Cantle,fcantle69@usa.gov,Male,10.211.228.52
227,Albert,Aggiss,aaggiss6a@virginia.edu,Male,233.94.97.105
228,Brynna,Weiser,bweiser6b@gmpg.org,Female,233.49.220.215
229,Mommy,Gulston,mgulston6c@domainmarket.com,Female,85.69.18.180
230,Jillane,Bims,jbims6d@irs.gov,Female,138.91.27.21
231,Jourdain,Mouat,jmouat6e@rediff.com,Male,18.174.64.86
232,Conney,Cake,ccake6f@google.cn,Male,244.54.209.193
233,Bird,Cardon,bcardon6g@parallels.com,Female,214.215.141.61
234,Bradney,Godding,bgodding6h@phpbb.com,Male,78.163.33.211
235,Phelia,Pepys,ppepys6i@nih.gov,Female,25.172.76.168
236,Kinsley,Locarno,klocarno6j@zimbio.com,Male,57.207.135.103
237,Myrtle,Gadman,mgadman6k@umn.edu,Female,153.148.201.48
238,Eric,Gegg,egegg6l@businessweek.com,Male,162.141.167.129
239,Boyce,Hulle,bhulle6m@dailymotion.com,Male,195.192.83.137
240,Tynan,Collier,tcollier6n@printfriendly.com,Male,216.82.128.234
241,Camey,MacBrearty,cmacbrearty6o@infoseek.co.jp,Male,243.121.193.166
242,Artair,Pudney,apudney6p@tmall.com,Male,181.41.120.194
243,Elvina,Cockshutt,ecockshutt6q@time.com,Female,49.124.64.244
244,Almeda,Di Meo,adimeo6r@printfriendly.com,Female,114.110.186.142
245,Fleurette,Martinet,fmartinet6s@booking.com,Female,92.168.192.89
246,Cthrine,Bloxsome,cbloxsome6t@cpanel.net,Female,179.217.90.174
247,Mikey,O'Dempsey,modempsey6u@artisteer.com,Male,66.148.129.186
248,Celestyn,Doudny,cdoudny6v@wired.com,Female,7.1.65.13
249,Davina,Comins,dcomins6w@cisco.com,Female,94.115.130.133
250,Tabb,Dripp,tdripp6x@gravatar.com,Male,59.214.107.27
251,Jodi,Ithell,jithell6y@indiatimes.com,Female,58.191.43.108
252,Osborne,Nials,onials6z@wikipedia.org,Male,191.183.149.131
253,Darill,Yetman,dyetman70@opera.com,Male,170.123.235.124
254,Cathy,Serrell,cserrell71@wunderground.com,Female,50.61.19.36
255,Aylmar,Hasker,ahasker72@apache.org,Male,226.139.88.2
256,Gerianna,Ramel,gramel73@thetimes.co.uk,Female,201.220.71.20
257,Matilde,Kitchingham,mkitchingham74@accuweather.com,Female,27.208.152.128
258,Leroi,Kitchenham,lkitchenham75@hud.gov,Male,75.44.29.104
259,Artemus,Rodenburgh,arodenburgh76@sbwire.com,Male,202.24.87.152
260,Blithe,Suerz,bsuerz77@independent.co.uk,Female,140.82.170.114
261,Corina,Coleiro,ccoleiro78@narod.ru,Female,32.117.178.54
262,Waldemar,Akred,wakred79@latimes.com,Male,239.180.217.245
263,Allianora,Pitkeathley,apitkeathley7a@vinaora.com,Female,109.82.161.152
264,Willamina,McMychem,wmcmychem7b@webmd.com,Female,62.36.13.28
265,Noe,Durrett,ndurrett7c@forbes.com,Male,20.166.254.69
266,Axel,Currey,acurrey7d@fda.gov,Male,141.135.1.14
267,Riobard,Jordanson,rjordanson7e@nbcnews.com,Male,173.47.155.9
268,Kinsley,Gowdridge,kgowdridge7f@naver.com,Male,105.246.234.12
269,Kelsey,Keymar,kkeymar7g@indiatimes.com,Female,30.0.197.92
270,Dall,Founds,dfounds7h@amazon.de,Male,87.63.170.197
271,Levi,Revens,lrevens7i@rakuten.co.jp,Male,131.240.149.75
272,Lauryn,Flay,lflay7j@google.cn,Female,45.217.13.132
273,Marylynne,Pieche,mpieche7k@umich.edu,Female,162.202.135.116
274,Brandy,Ratazzi,bratazzi7l@csmonitor.com,Male,176.161.58.105
275,Say,Dumper,sdumper7m@acquirethisname.com,Male,91.253.162.2
276,Yank,Mockler,ymockler7n@tinypic.com,Male,97.246.198.180
277,Pedro,Leirmonth,pleirmonth7o@delicious.com,Male,3.45.124.97
278,Lawrence,Try,ltry7p@mac.com,Male,164.61.48.89
279,Prisca,Toolin,ptoolin7q@elegantthemes.com,Female,95.92.21.223
280,Carin,Kidsley,ckidsley7r@tinypic.com,Female,8.132.91.41
281,Boonie,Klimecki,bklimecki7s@constantcontact.com,Male,10.160.0.49
282,Ade,Winspar,awinspar7t@oracle.com,Male,189.213.149.122
283,Derby,Nuttall,dnuttall7u@scribd.com,Male,39.15.24.155
284,Terry,Kemmet,tkemmet7v@dot.gov,Male,237.79.185.192
285,Georgeta,Scarsbrooke,gscarsbrooke7w@dell.com,Female,125.121.158.155
286,Van,Burbank,vburbank7x@foxnews.com,Male,255.250.177.247
287,Andreas,Tourner,atourner7y@google.it,Male,68.49.131.242
288,Oralie,Witham,owitham7z@mlb.com,Female,241.148.221.175
289,Suellen,Caveill,scaveill80@homestead.com,Female,4.77.76.44
290,Melisenda,Fisby,mfisby81@printfriendly.com,Female,155.223.232.170
291,Brock,Jankin,bjankin82@cloudflare.com,Male,160.81.147.179
292,Kalila,Torritti,ktorritti83@ezinearticles.com,Female,129.27.128.26
293,Harwell,Broxholme,hbroxholme84@cdc.gov,Male,135.17.243.104
294,Padget,Gilstin,pgilstin85@cyberchimps.com,Male,206.30.152.173
295,Brice,Ingilson,bingilson86@tinypic.com,Male,51.78.49.205
296,Antoinette,Vink,avink87@google.com.au,Female,198.92.235.44
297,Clementina,Latus,clatus88@oaic.gov.au,Female,101.96.210.48
298,Tibold,Wall,twall89@upenn.edu,Male,90.186.44.81
299,Yasmin,Selburn,yselburn8a@etsy.com,Female,42.55.93.19
300,Gayle,Ghidini,gghidini8b@google.es,Male,137.105.75.176
301,Swen,Riddle,sriddle8c@apple.com,Male,36.3.100.190
302,Zilvia,Stickens,zstickens8d@blog.com,Female,101.117.198.251
303,Roley,Castagnier,rcastagnier8e@examiner.com,Male,119.42.188.140
304,Dot,Woolner,dwoolner8f@hugedomains.com,Female,17.152.242.31
305,Anastasia,Van der Spohr,avanderspohr8g@fda.gov,Female,73.56.82.136
306,Boy,Wilshire,bwilshire8h@blogspot.com,Male,220.64.132.244
307,Drew,Marklew,dmarklew8i@weather.com,Male,63.216.97.90
308,Ollie,Laden,oladen8j@parallels.com,Female,11.151.34.59
309,Nicolea,Capelin,ncapelin8k@sitemeter.com,Female,204.49.252.87
310,Farlay,Figgen,ffiggen8l@oracle.com,Male,15.106.233.170
311,Merwin,Thompson,mthompson8m@youtu.be,Male,175.178.140.235
312,Konrad,Shakesbye,kshakesbye8n@vistaprint.com,Male,169.74.105.147
313,Kipp,Beecham,kbeecham8o@usda.gov,Female,93.44.8.227
314,Linell,Wilcinskis,lwilcinskis8p@pinterest.com,Female,126.215.36.4
315,Elmer,Bartholin,ebartholin8q@usda.gov,Male,37.133.135.202
316,Marysa,Thon,mthon8r@wikia.com,Female,57.14.242.5
317,Sofie,Isaaksohn,sisaaksohn8s@mail.ru,Female,212.105.99.11
318,Brant,McSwan,bmcswan8t@vinaora.com,Male,159.241.17.139
319,Wittie,Epine,wepine8u@multiply.com,Male,156.101.140.57
320,Eveleen,Todd,etodd8v@adobe.com,Female,208.147.39.164
321,Annette,Apedaile,aapedaile8w@naver.com,Female,186.158.80.2
322,Derek,Litherborough,dlitherborough8x@nyu.edu,Male,138.44.228.145
323,Mathew,Fleury,mfleury8y@wikispaces.com,Male,92.204.77.27
324,Brianna,Hurch,bhurch8z@usatoday.com,Female,204.121.25.91
325,Mel,Fraanchyonok,mfraanchyonok90@trellian.com,Male,7.2.188.189
326,Symon,Bartoleyn,sbartoleyn91@unblog.fr,Male,172.131.26.154
327,Ezequiel,Ballingal,eballingal92@mysql.com,Male,20.143.132.80
328,Yetta,Hedgeley,yhedgeley93@chicagotribune.com,Female,239.103.71.61
329,Tania,Thacke,tthacke94@state.gov,Female,86.107.238.173
330,Rozanna,Jessen,rjessen95@tuttocitta.it,Female,5.210.217.139
331,Hendrik,Bage,hbage96@gov.uk,Male,208.50.37.38
332,Ingelbert,Dellenbach,idellenbach97@taobao.com,Male,169.165.4.197
333,Hermie,Weedon,hweedon98@nifty.com,Male,159.3.145.109
334,Marcos,Gear,mgear99@ebay.co.uk,Male,61.35.32.43
335,Moritz,Scafe,mscafe9a@umn.edu,Male,78.246.88.129
336,Adler,Kleiner,akleiner9b@google.com.au,Male,137.56.27.5
337,Kimberley,Pitkeathly,kpitkeathly9c@xrea.com,Female,68.130.128.208
338,Bev,Glass,bglass9d@people.com.cn,Male,49.7.205.60
339,Rourke,Le Cornu,rlecornu9e@hud.gov,Male,229.96.105.144
340,Susanetta,Murcott,smurcott9f@google.cn,Female,120.218.205.163
341,Marybeth,Skeeles,mskeeles9g@cbslocal.com,Female,84.43.52.186
342,Lyssa,Wilcox,lwilcox9h@goodreads.com,Female,95.14.161.69
343,Zsa zsa,Roofe,zroofe9i@nationalgeographic.com,Female,19.241.235.97
344,Cirilo,Fillingham,cfillingham9j@ted.com,Male,39.219.177.50
345,Abigail,Brandino,abrandino9k@aol.com,Female,146.202.77.150
346,Anny,Broughton,abroughton9l@shinystat.com,Female,207.27.91.181
347,Raymund,Furzer,rfurzer9m@shareasale.com,Male,81.212.46.124
348,Herbert,Libby,hlibby9n@ucoz.ru,Male,106.152.63.114
349,Gwendolin,Andriolli,gandriolli9o@yandex.ru,Female,8.221.128.144
350,Giffer,Jago,gjago9p@gnu.org,Male,6.253.36.199
351,Denver,Helkin,dhelkin9q@nytimes.com,Male,188.114.58.125
352,Erminie,Lurcock,elurcock9r@tinyurl.com,Female,156.236.214.32
353,Bordie,Scoullar,bscoullar9s@chicagotribune.com,Male,181.177.118.164
354,Mikael,Blackall,mblackall9t@cdbaby.com,Male,239.100.55.246
355,Tonia,Oldall,toldall9u@nyu.edu,Female,181.79.178.31
356,Shem,Hakewell,shakewell9v@yandex.ru,Male,129.15.183.126
357,Erina,Silverstone,esilverstone9w@paginegialle.it,Female,171.91.13.255
358,Leonidas,Vanichkov,lvanichkov9x@yelp.com,Male,222.79.85.124
359,Janie,Yacobsohn,jyacobsohn9y@4shared.com,Female,98.200.68.80
360,Andromache,Crimes,acrimes9z@acquirethisname.com,Female,219.138.96.16
361,Lurline,Aronstam,laronstama0@economist.com,Female,247.112.126.226
362,Joby,McCarrell,jmccarrella1@phoca.cz,Female,16.127.188.31
363,Genni,Pughe,gpughea2@miibeian.gov.cn,Female,146.100.206.222
364,Constanta,Tremellan,ctremellana3@amazonaws.com,Female,239.228.163.242
365,Levi,Yitzovicz,lyitzovicza4@storify.com,Male,4.4.166.1
366,Sallie,Reedy,sreedya5@ifeng.com,Female,82.38.108.144
367,Sherlocke,Laxen,slaxena6@xinhuanet.com,Male,53.252.191.78
368,Bax,Hallatt,bhallatta7@freewebs.com,Male,178.202.56.136
369,Tore,Lowman,tlowmana8@aboutads.info,Male,5.28.235.17
370,Menard,Libri,mlibria9@behance.net,Male,237.50.19.123
371,Gerome,Webborn,gwebbornaa@un.org,Male,235.217.216.148
372,Cross,Gregory,cgregoryab@hubpages.com,Male,252.238.217.206
373,Stanly,De Freyne,sdefreyneac@reference.com,Male,134.25.65.68
374,Netty,Novik,nnovikad@a8.net,Female,41.62.41.128
375,Lemmy,Gyrgorwicx,lgyrgorwicxae@devhub.com,Male,248.48.125.43
376,Titos,Tinsey,ttinseyaf@ibm.com,Male,103.249.172.252
377,Lyman,Norval,lnorvalag@yellowpages.com,Male,167.162.1.217
378,Kellyann,de Juares,kdejuaresah@hubpages.com,Female,234.15.165.84
379,Nerte,Blacksland,nblackslandai@upenn.edu,Female,127.206.222.120
380,Falkner,Conradie,fconradieaj@fda.gov,Male,186.4.145.139
381,Jody,Tomlin,jtomlinak@examiner.com,Male,1.243.50.30
382,Angeli,Janjic,ajanjical@edublogs.org,Male,151.125.198.51
383,Lissie,Romaines,lromainesam@photobucket.com,Female,114.246.189.166
384,Cornell,Sabban,csabbanan@mashable.com,Male,11.193.235.231
385,Engracia,Servant,eservantao@github.com,Female,233.108.48.108
386,Martyn,Steaning,msteaningap@mtv.com,Male,251.50.101.228
387,Therese,Murrill,tmurrillaq@globo.com,Female,197.239.207.221
388,Ellary,Etteridge,eetteridgear@arizona.edu,Male,23.26.51.173
389,Rogerio,Pecha,rpechaas@addthis.com,Male,31.182.243.210
390,Artus,Durbann,adurbannat@acquirethisname.com,Male,153.142.229.153
391,Aldous,Hiseman,ahisemanau@webs.com,Male,153.76.230.119
392,Trix,Bedborough,tbedboroughav@berkeley.edu,Female,74.126.136.225
393,Lauretta,Shurlock,lshurlockaw@mozilla.com,Female,131.255.56.62
394,Elliott,Heggman,eheggmanax@technorati.com,Male,75.232.33.44
395,Beale,Andreoletti,bandreolettiay@pinterest.com,Male,96.143.241.231
396,Rosy,Reinhart,rreinhartaz@addthis.com,Female,220.71.91.255
397,Parsifal,Calver,pcalverb0@bbc.co.uk,Male,169.204.199.64
398,Arte,Walkingshaw,awalkingshawb1@hao123.com,Male,158.114.64.248
399,Aida,Groome,agroomeb2@dmoz.org,Female,248.86.214.178
400,Alyse,Airlie,aairlieb3@deviantart.com,Female,168.200.233.81
401,Nady,Cometson,ncometsonb4@loc.gov,Female,249.119.242.160
402,Audy,Eyree,aeyreeb5@dmoz.org,Female,40.115.95.141
403,Bertrando,Fallens,bfallensb6@amazon.com,Male,95.81.67.212
404,Philippa,Woodroofe,pwoodroofeb7@fda.gov,Female,192.165.253.147
405,Morse,Bentz,mbentzb8@homestead.com,Male,240.12.141.75
406,Arvie,McGillivrie,amcgillivrieb9@surveymonkey.com,Male,208.96.72.17
407,Aida,Crates,acratesba@ning.com,Female,219.110.17.181
408,Lora,Bowell,lbowellbb@samsung.com,Female,117.106.179.231
409,Briney,Newlan,bnewlanbc@chron.com,Female,63.90.53.197
410,Onida,Brabin,obrabinbd@rakuten.co.jp,Female,75.36.110.209
411,Brock,Doust,bdoustbe@canalblog.com,Male,67.212.29.188
412,Benn,Shorto,bshortobf@army.mil,Male,240.22.248.137
413,Clarie,Hanshaw,chanshawbg@goo.gl,Female,93.55.33.131
414,Quintina,Greatrakes,qgreatrakesbh@nhs.uk,Female,21.13.245.121
415,Frasier,Degnen,fdegnenbi@discuz.net,Male,215.235.217.237
416,Romain,Wisden,rwisdenbj@abc.net.au,Male,23.6.135.253
417,Minne,Meletti,mmelettibk@github.io,Female,99.136.142.54
418,Ajay,Loiterton,aloitertonbl@ted.com,Female,52.105.58.215
419,Esme,Cuttle,ecuttlebm@cisco.com,Male,117.127.17.249
420,Mozes,Ealles,meallesbn@time.com,Male,66.212.150.139
421,Bryon,McMorran,bmcmorranbo@sogou.com,Male,156.145.201.35
422,Maurita,Kubu,mkububp@google.cn,Female,132.112.7.58
423,Debbi,Tunaclift,dtunacliftbq@friendfeed.com,Female,153.42.142.80
424,Gerick,Chrishop,gchrishopbr@cyberchimps.com,Male,108.191.122.119
425,Lynea,Collington,lcollingtonbs@livejournal.com,Female,227.1.44.23
426,Meghan,Cudbird,mcudbirdbt@scientificamerican.com,Female,124.80.210.1
427,Athene,Lacky,alackybu@google.com.hk,Female,207.225.228.23
428,Timothy,Pond,tpondbv@arizona.edu,Male,84.253.135.5
429,Godiva,Kitcat,gkitcatbw@discuz.net,Female,122.242.22.46
430,Betteanne,Hoble,bhoblebx@dion.ne.jp,Female,215.89.255.252
431,Sharlene,Balogun,sbalogunby@stanford.edu,Female,191.182.230.63
432,Camilla,Madrell,cmadrellbz@free.fr,Female,57.218.243.72
433,Lilllie,Edwicker,ledwickerc0@ovh.net,Female,48.108.170.146
434,Burtie,Da Costa,bdacostac1@walmart.com,Male,159.9.228.244
435,Emory,MacMarcuis,emacmarcuisc2@theguardian.com,Male,95.233.158.15
436,Herta,Blitz,hblitzc3@utexas.edu,Female,142.34.126.134
437,Cesaro,Jobin,cjobinc4@auda.org.au,Male,90.57.43.146
438,Rodrigo,Welham,rwelhamc5@adobe.com,Male,47.171.39.3
439,Giacomo,Rennolds,grennoldsc6@vinaora.com,Male,14.219.129.127
440,Constancy,Herche,cherchec7@yellowpages.com,Female,132.140.68.4
441,Davis,Nehlsen,dnehlsenc8@europa.eu,Male,247.213.123.119
442,Thomasina,Scrammage,tscrammagec9@mit.edu,Female,141.216.38.132
443,Bink,Bartunek,bbartunekca@skype.com,Male,116.237.194.215
444,Perkin,Margrett,pmargrettcb@livejournal.com,Male,176.167.102.225
445,Hilario,McTrusty,hmctrustycc@indiatimes.com,Male,64.11.154.198
446,Kaylyn,Boxe,kboxecd@amazon.com,Female,228.178.180.255
447,Seamus,Hiseman,shisemance@hud.gov,Male,28.71.229.94
448,Barb,Baton,bbatoncf@google.nl,Female,184.88.154.168
449,Hartwell,Goady,hgoadycg@issuu.com,Male,53.252.216.65
450,Harriet,Cuniffe,hcuniffech@drupal.org,Female,149.22.69.186
451,Uriah,Souttar,usouttarci@deliciousdays.com,Male,223.12.166.176
452,Calypso,Lamy,clamycj@google.nl,Female,198.194.133.184
453,Reyna,Foote,rfooteck@typepad.com,Female,166.238.28.202
454,Shadow,Choldcroft,scholdcroftcl@csmonitor.com,Male,154.194.35.55
455,Eloise,Mankor,emankorcm@home.pl,Female,196.225.129.79
456,Talyah,Longhirst,tlonghirstcn@mediafire.com,Female,17.29.248.80
457,Waverley,Avramow,wavramowco@edublogs.org,Male,237.208.168.141
458,Raimondo,Warr,rwarrcp@smugmug.com,Male,132.0.118.179
459,Kylie,Crosseland,kcrosselandcq@godaddy.com,Female,216.40.142.190
460,Terese,Cornils,tcornilscr@cnet.com,Female,196.89.182.12
461,Em,Dorman,edormancs@wix.com,Male,112.62.208.147
462,Pete,Kerley,pkerleyct@cloudflare.com,Male,136.152.45.246
463,Ranice,Longdon,rlongdoncu@php.net,Female,1.221.178.218
464,Warden,Kegg,wkeggcv@123-reg.co.uk,Male,249.236.243.25
465,Tammi,Forri,tforricw@npr.org,Female,121.147.176.164
466,Helaine,Ship,hshipcx@wordpress.org,Female,195.61.24.248
467,Geordie,Cleaves,gcleavescy@tripadvisor.com,Male,115.191.141.61
468,Christophorus,Squibb,csquibbcz@google.fr,Male,211.50.162.190
469,Maxy,Fley,mfleyd0@state.tx.us,Female,142.32.28.80
470,Lelia,Loxley,lloxleyd1@webnode.com,Female,169.237.226.164
471,Nomi,Meek,nmeekd2@sogou.com,Female,155.209.228.124
472,Zarah,Caddies,zcaddiesd3@chronoengine.com,Female,216.56.32.89
473,Harland,Blennerhassett,hblennerhassettd4@spotify.com,Male,108.1.239.247
474,Archie,Moyce,amoyced5@discuz.net,Male,141.135.218.171
475,Mill,Bursnall,mbursnalld6@github.io,Male,233.203.48.99
476,Rose,Braybrook,rbraybrookd7@japanpost.jp,Female,27.204.178.216
477,Xena,Durdle,xdurdled8@photobucket.com,Female,194.255.57.235
478,Tomaso,Huskinson,thuskinsond9@spiegel.de,Male,172.197.21.102
479,Shea,Heifer,sheiferda@nymag.com,Male,181.65.88.224
480,Roley,Wrettum,rwrettumdb@networkadvertising.org,Male,135.36.209.116
481,Alexi,Wall,awalldc@nytimes.com,Female,230.28.77.126
482,Dalia,Culbard,dculbarddd@howstuffworks.com,Female,43.93.156.250
483,Reeva,Szwarc,rszwarcde@auda.org.au,Female,33.157.102.128
484,Britt,Paddingdon,bpaddingdondf@sciencedirect.com,Female,89.185.164.100
485,Raeann,Whitwell,rwhitwelldg@sohu.com,Female,76.225.219.169
486,Doria,Febvre,dfebvredh@ezinearticles.com,Female,110.135.89.23
487,Alexio,Klein,akleindi@google.fr,Male,76.213.147.73
488,Olenka,LLelweln,ollelwelndj@yandex.ru,Female,121.80.231.253
489,Niven,Tester,ntesterdk@angelfire.com,Male,65.20.216.112
490,Mile,Romao,mromaodl@upenn.edu,Male,227.217.156.187
491,Andrus,Westphal,awestphaldm@flavors.me,Male,28.5.229.192
492,Laurella,Gentery,lgenterydn@cloudflare.com,Female,146.113.137.149
493,Findlay,Bartolini,fbartolinido@eventbrite.com,Male,224.175.173.73
494,Nickie,Sturgess,nsturgessdp@cdc.gov,Female,158.50.196.50
495,Lil,Dondon,ldondondq@51.la,Female,239.49.129.134
496,Denise,Wragg,dwraggdr@wp.com,Female,34.199.7.169
497,Dicky,Moore,dmooreds@skyrock.com,Male,119.95.91.173
498,Etta,Ardron,eardrondt@unc.edu,Female,26.202.171.163
499,Jean,Hatley,jhatleydu@harvard.edu,Male,101.184.18.246
500,Rosie,Badrick,rbadrickdv@trellian.com,Female,189.53.87.133
501,Phelia,Tinghill,ptinghilldw@cdbaby.com,Female,233.79.228.26
502,Tiff,Sloey,tsloeydx@cdc.gov,Female,136.87.60.43
503,Artemus,Bispham,abisphamdy@scientificamerican.com,Male,186.232.55.34
504,Avigdor,Sporner,aspornerdz@techcrunch.com,Male,68.68.240.11
505,Pieter,Fannon,pfannone0@ning.com,Male,223.113.184.133
506,Yardley,Sobey,ysobeye1@marketwatch.com,Male,109.119.144.75
507,Valerie,Madill,vmadille2@quantcast.com,Female,240.131.23.135
508,Trevar,Buttner,tbuttnere3@phpbb.com,Male,39.201.7.10
509,Theodore,Ashleigh,tashleighe4@xrea.com,Male,52.219.248.107
510,Shelba,Maddie,smaddiee5@usatoday.com,Female,64.79.143.71
511,Ainslie,Ivanilov,aivanilove6@wordpress.org,Female,124.37.24.178
512,Andromache,Rosen,arosene7@ebay.co.uk,Female,90.68.174.192
513,Corbet,Nutbean,cnutbeane8@diigo.com,Male,234.227.121.183
514,Gardener,Keyzor,gkeyzore9@sun.com,Male,248.70.78.82
515,Stanwood,Chevins,schevinsea@ning.com,Male,163.30.196.182
516,Wesley,Persent,wpersenteb@adobe.com,Male,154.27.70.142
517,Colline,Rampton,cramptonec@slideshare.net,Female,15.11.89.4
518,Kinna,Hitschke,khitschkeed@cafepress.com,Female,242.230.53.93
519,Winnah,MacDuff,wmacduffee@arizona.edu,Female,230.133.191.231
520,Farley,Harvatt,fharvattef@lulu.com,Male,84.240.128.104
521,Alli,Mighele,amigheleeg@amazon.com,Female,199.67.241.67
522,Fair,Warn,fwarneh@icq.com,Male,202.46.82.253
523,Mort,Hayman,mhaymanei@bloglines.com,Male,161.154.43.238
524,Philippine,Heinlein,pheinleinej@slate.com,Female,54.201.141.70
525,Birgit,Rookwell,brookwellek@nytimes.com,Female,99.72.29.49
526,Fairfax,Hugnin,fhugninel@dropbox.com,Male,212.49.122.95
527,Miltie,Donan,mdonanem@cdc.gov,Male,183.111.223.237
528,Rakel,Cassie,rcassieen@nytimes.com,Female,133.226.183.131
529,Friedrich,Corrin,fcorrineo@princeton.edu,Male,131.244.213.234
530,Cari,Arnison,carnisonep@unicef.org,Female,73.24.81.91
531,Luther,Munnion,lmunnioneq@google.com.hk,Male,237.246.206.116
532,Clemente,Derricoat,cderricoater@google.cn,Male,56.24.205.196
533,Baxter,Possek,bpossekes@biblegateway.com,Male,154.127.11.72
534,Parker,Popov,ppopovet@mac.com,Male,146.242.133.75
535,Suzanna,Coneley,sconeleyeu@bravesites.com,Female,84.84.90.203
536,Matilda,Bampkin,mbampkinev@bravesites.com,Female,219.227.32.127
537,Barthel,Bourgaize,bbourgaizeew@free.fr,Male,122.243.177.100
538,Darrick,Powderham,dpowderhamex@guardian.co.uk,Male,73.24.19.150
539,Ruy,Stener,rstenerey@cloudflare.com,Male,144.149.222.245
540,Skippie,Brabben,sbrabbenez@bluehost.com,Male,175.130.102.29
541,Ally,Hansmann,ahansmannf0@wordpress.com,Female,208.249.4.80
542,Pauletta,Massingham,pmassinghamf1@foxnews.com,Female,92.187.8.205
543,Ernie,Sloper,esloperf2@omniture.com,Male,76.87.117.93
544,Gothart,Bedbrough,gbedbroughf3@omniture.com,Male,129.254.206.101
545,Caro,Wynrehame,cwynrehamef4@woothemes.com,Female,82.201.197.45
546,Krysta,Roggero,kroggerof5@pcworld.com,Female,149.78.117.64
547,Olia,MacKissack,omackissackf6@forbes.com,Female,40.56.140.239
548,Horst,Wybern,hwybernf7@princeton.edu,Male,254.68.206.179
549,Dimitri,Abbati,dabbatif8@stanford.edu,Male,72.85.203.159
550,Brita,Battersby,bbattersbyf9@fda.gov,Female,167.242.153.132
551,Bradly,Bruyet,bbruyetfa@tuttocitta.it,Male,95.105.132.71
552,Vally,Hawtin,vhawtinfb@yandex.ru,Female,15.1.62.140
553,Eunice,Mathely,emathelyfc@sbwire.com,Female,30.135.57.167
554,Fancy,Bernat,fbernatfd@ted.com,Female,80.6.77.107
555,Delmer,Sime,dsimefe@vistaprint.com,Male,122.102.140.41
556,Mendie,Midlar,mmidlarff@jiathis.com,Male,18.35.135.133
557,Benni,Keyser,bkeyserfg@examiner.com,Female,167.179.14.139
558,Nikola,Snell,nsnellfh@phoca.cz,Male,8.80.127.52
559,Sileas,Baxendale,sbaxendalefi@prlog.org,Female,18.147.166.209
560,Lonni,Serck,lserckfj@dion.ne.jp,Female,207.10.49.150
561,Wally,Ding,wdingfk@liveinternet.ru,Male,154.164.11.15
562,Tobey,Karlik,tkarlikfl@buzzfeed.com,Female,80.213.231.6
563,Hussein,Zanolli,hzanollifm@cnet.com,Male,155.89.245.28
564,North,Whyffen,nwhyffenfn@google.it,Male,23.83.0.142
565,Araldo,Gulland,agullandfo@technorati.com,Male,131.110.205.13
566,Bill,Rainsbury,brainsburyfp@xrea.com,Female,13.106.210.120
567,Marje,Ingleston,minglestonfq@paypal.com,Female,238.185.201.107
568,Lavinia,Abbis,labbisfr@nbcnews.com,Female,197.230.120.114
569,Constantine,Kealey,ckealeyfs@vistaprint.com,Female,165.102.169.116
570,Leigh,Kliesl,lklieslft@blogspot.com,Male,193.41.236.18
571,Regan,Helmke,rhelmkefu@google.co.uk,Female,198.51.92.14
572,Des,Smalcombe,dsmalcombefv@sciencedirect.com,Male,109.133.218.95
573,Daron,Gerlts,dgerltsfw@bizjournals.com,Male,127.116.14.198
574,Tamqrah,Brankley,tbrankleyfx@wunderground.com,Female,246.162.218.253
575,Mikol,Swadlen,mswadlenfy@topsy.com,Male,234.73.93.249
576,Earl,Tollet,etolletfz@addthis.com,Male,123.125.239.152
577,Sondra,Dangerfield,sdangerfieldg0@themeforest.net,Female,41.77.193.152
578,Marybeth,Zoppo,mzoppog1@dailymotion.com,Female,35.153.171.182
579,Luis,Bronot,lbronotg2@scientificamerican.com,Male,65.206.230.213
580,Malinda,Beckensall,mbeckensallg3@cnet.com,Female,155.108.139.12
581,Tobiah,Cleverly,tcleverlyg4@prweb.com,Male,104.219.124.174
582,Chas,Bellocht,cbellochtg5@dailymotion.com,Male,133.20.127.151
583,Stace,Raubenheimers,sraubenheimersg6@cdc.gov,Female,83.187.6.167
584,Adan,Huston,ahustong7@sbwire.com,Male,85.232.176.222
585,Rhianon,Hewson,rhewsong8@nsw.gov.au,Female,145.152.19.180
586,Hamel,Kilrow,hkilrowg9@engadget.com,Male,29.4.2.156
587,Alberik,Shilling,ashillingga@reference.com,Male,135.40.154.59
588,Elias,Leggis,eleggisgb@list-manage.com,Male,41.178.228.220
589,Farlee,Langman,flangmangc@amazon.co.uk,Male,38.156.53.130
590,Nissy,Espadate,nespadategd@ask.com,Female,175.239.240.7
591,Shawnee,Slesser,sslesserge@uol.com.br,Female,191.65.58.248
592,Georges,Boncore,gboncoregf@usnews.com,Male,25.209.176.202
593,Ernest,Ellerman,eellermangg@yahoo.com,Male,176.167.198.14
594,Mabel,Papes,mpapesgh@odnoklassniki.ru,Female,87.181.47.242
595,Reinold,Abdey,rabdeygi@etsy.com,Male,66.125.24.164
596,Charley,Kloss,cklossgj@yelp.com,Male,76.79.139.56
597,Bridget,Arkley,barkleygk@nymag.com,Female,230.195.100.94
598,Margarete,Geraghty,mgeraghtygl@bluehost.com,Female,209.86.142.97
599,Dominick,Emerson,demersongm@buzzfeed.com,Male,93.179.168.59
600,Dana,Edworthye,dedworthyegn@boston.com,Male,57.117.153.86
601,Keen,Snoday,ksnodaygo@shinystat.com,Male,212.67.227.190
602,Nonah,Bendare,nbendaregp@phpbb.com,Female,66.117.175.122
603,Reider,Apted,raptedgq@hc360.com,Male,114.76.83.239
604,Jackie,Doag,jdoaggr@amazon.de,Male,128.146.75.36
605,Amber,Khalid,akhalidgs@cbslocal.com,Female,210.12.32.50
606,Dinny,Barbary,dbarbarygt@ox.ac.uk,Female,23.182.232.2
607,Michelle,Elcom,melcomgu@sun.com,Female,189.121.155.34
608,Holmes,Dunley,hdunleygv@prnewswire.com,Male,216.86.243.122
609,Corie,Douthwaite,cdouthwaitegw@imdb.com,Female,254.15.95.229
610,Kurtis,Mayhou,kmayhougx@nature.com,Male,57.113.9.244
611,Leonidas,Jerman,ljermangy@tiny.cc,Male,186.194.181.44
612,Alexandrina,Lages,alagesgz@barnesandnoble.com,Female,83.69.16.57
613,Paulo,Shailer,pshailerh0@quantcast.com,Male,89.191.134.88
614,Christi,Peddowe,cpeddoweh1@barnesandnoble.com,Female,152.141.9.161
615,Filip,Turnell,fturnellh2@elpais.com,Male,219.121.125.237
616,Leonerd,Mitchelmore,lmitchelmoreh3@tuttocitta.it,Male,114.50.148.203
617,Shayna,Kemell,skemellh4@nytimes.com,Female,111.111.147.30
618,Henry,Brownill,hbrownillh5@live.com,Male,114.158.137.57
619,Kitty,Cammacke,kcammackeh6@gizmodo.com,Female,128.17.171.180
620,Karylin,Bevans,kbevansh7@spotify.com,Female,165.31.19.49
621,Ingeberg,O'Hdirscoll,iohdirscollh8@rambler.ru,Female,151.31.229.60
622,Mathias,Avrahamov,mavrahamovh9@pcworld.com,Male,114.78.159.46
623,Tammi,Acock,tacockha@themeforest.net,Female,63.239.254.253
624,Inger,Kauble,ikaublehb@facebook.com,Male,75.97.28.9
625,Celeste,Terzo,cterzohc@baidu.com,Female,46.34.251.211
626,Felicia,Telega,ftelegahd@state.tx.us,Female,86.128.67.25
627,Rubia,Cinderey,rcindereyhe@comcast.net,Female,211.44.8.120
628,Annalee,Curragh,acurraghhf@tripadvisor.com,Female,55.23.101.181
629,Jackqueline,Reah,jreahhg@hibu.com,Female,232.209.93.158
630,Costa,MacSwayde,cmacswaydehh@dailymail.co.uk,Male,252.73.36.91
631,Mab,Knifton,mkniftonhi@cpanel.net,Female,127.53.112.149
632,Freddy,Costard,fcostardhj@themeforest.net,Male,245.189.165.218
633,Eolanda,Moakes,emoakeshk@google.com.hk,Female,218.2.68.112
634,Rhys,Mathivat,rmathivathl@ed.gov,Male,50.217.219.70
635,Leela,Waddie,lwaddiehm@mtv.com,Female,6.225.109.76
636,Elie,Batthew,ebatthewhn@mtv.com,Female,60.155.119.64
637,Biddy,Louis,blouisho@taobao.com,Female,107.74.53.4
638,Casey,Palfreman,cpalfremanhp@buzzfeed.com,Male,0.239.137.170
639,Dell,Di Giacomo,ddigiacomohq@domainmarket.com,Female,163.235.229.223
640,Viviene,Von Helmholtz,vvonhelmholtzhr@google.com.hk,Female,49.215.9.156
641,Vyky,Rizon,vrizonhs@craigslist.org,Female,109.230.57.138
642,Husein,Saket,hsaketht@jugem.jp,Male,65.82.17.47
643,Sylvan,Maypes,smaypeshu@state.tx.us,Male,108.200.161.229
644,Virgina,Lambarton,vlambartonhv@tmall.com,Female,12.93.221.163
645,Pip,Tieman,ptiemanhw@fda.gov,Male,183.177.205.57
646,Levin,Esch,leschhx@studiopress.com,Male,20.19.247.101
647,Adlai,Wyard,awyardhy@squarespace.com,Male,184.196.113.246
648,Leigha,Woodstock,lwoodstockhz@youtu.be,Female,170.194.131.75
649,Sileas,Mulloch,smullochi0@kickstarter.com,Female,51.156.23.16
650,Raimund,D'eathe,rdeathei1@seattletimes.com,Male,51.232.184.244
651,Kippy,Vittery,kvitteryi2@yellowpages.com,Male,23.82.7.12
652,Jacobo,Pebworth,jpebworthi3@cdc.gov,Male,122.75.122.249
653,Graig,Viveash,gviveashi4@ning.com,Male,164.144.128.74
654,Leanor,Laurenz,llaurenzi5@oaic.gov.au,Female,161.103.226.70
655,Meir,Riddett,mriddetti6@hugedomains.com,Male,123.233.83.177
656,Smitty,Antonopoulos,santonopoulosi7@google.ru,Male,50.159.16.1
657,Neddie,Godin,ngodini8@eventbrite.com,Male,88.150.35.174
658,Eileen,Fabbri,efabbrii9@google.co.jp,Female,89.207.62.205
659,Barbra,Beushaw,bbeushawia@latimes.com,Female,93.32.17.48
660,Charis,Moores,cmooresib@usnews.com,Female,37.235.69.166
661,Chaim,Goscomb,cgoscombic@seesaa.net,Male,46.145.77.82
662,Consuela,Blennerhassett,cblennerhassettid@vk.com,Female,36.47.166.166
663,Dodi,Sconce,dsconceie@ocn.ne.jp,Female,135.213.215.139
664,Margaretha,Heartfield,mheartfieldif@wisc.edu,Female,59.34.152.95
665,Wynn,Wash,wwashig@disqus.com,Male,193.0.133.158
666,Lia,Rossetti,lrossettiih@yahoo.co.jp,Female,62.202.117.96
667,Murdock,Stanley,mstanleyii@soup.io,Male,231.209.125.65
668,Elenore,Hacksby,ehacksbyij@wisc.edu,Female,51.192.223.189
669,Ruthy,Docket,rdocketik@i2i.jp,Female,114.75.5.196
670,Gui,Biddy,gbiddyil@merriam-webster.com,Female,38.167.24.178
671,Aaron,Cordon,acordonim@cnbc.com,Male,13.230.138.238
672,Renaldo,Brecken,rbreckenin@noaa.gov,Male,169.4.107.20
673,Alisander,Dyde,adydeio@rambler.ru,Male,35.2.80.255
674,Andromache,Treske,atreskeip@nps.gov,Female,80.9.226.121
675,Constanta,Deavin,cdeaviniq@e-recht24.de,Female,27.99.33.13
676,Foss,Rate,frateir@who.int,Male,101.27.187.236
677,Jordon,Ede,jedeis@cafepress.com,Male,59.0.124.15
678,Kirsti,Belson,kbelsonit@webeden.co.uk,Female,17.128.9.28
679,Xenia,Grafton-Herbert,xgraftonherbertiu@shutterfly.com,Female,197.58.198.89
680,Jerrie,Schulken,jschulkeniv@unicef.org,Female,212.187.132.179
681,Benita,Macak,bmacakiw@a8.net,Female,83.145.162.133
682,Vanessa,Allder,vallderix@cnet.com,Female,110.225.0.131
683,Saundra,Duckinfield,sduckinfieldiy@jalbum.net,Female,194.144.238.115
684,Artemis,Game,agameiz@youtube.com,Male,22.181.134.1
685,Ora,Althrop,oalthropj0@seesaa.net,Female,149.40.30.6
686,Shoshana,Gronaller,sgronallerj1@mapy.cz,Female,106.121.51.100
687,Aida,Fawdry,afawdryj2@house.gov,Female,222.184.149.166
688,Vivie,McFarland,vmcfarlandj3@techcrunch.com,Female,58.209.192.226
689,Webster,Killeley,wkilleleyj4@dmoz.org,Male,168.181.157.171
690,Tatiana,Creegan,tcreeganj5@altervista.org,Female,108.170.176.73
691,Eve,Gerram,egerramj6@ebay.co.uk,Female,90.84.223.89
692,Dud,Fellnee,dfellneej7@gov.uk,Male,211.169.5.113
693,Mathian,Micklewright,mmicklewrightj8@ftc.gov,Male,101.222.36.107
694,Jennine,Kirlin,jkirlinj9@businessweek.com,Female,32.187.200.143
695,Travus,Robuchon,trobuchonja@sphinn.com,Male,36.195.174.94
696,Harman,Corran,hcorranjb@jalbum.net,Male,7.59.49.189
697,Savina,Tubbles,stubblesjc@imgur.com,Female,27.45.71.72
698,Cobb,Bullingham,cbullinghamjd@domainmarket.com,Male,206.240.206.29
699,Norry,Brantzen,nbrantzenje@4shared.com,Male,68.221.123.49
700,Balduin,Bravington,bbravingtonjf@baidu.com,Male,202.46.54.241
701,Arlena,Shallcrass,ashallcrassjg@pbs.org,Female,232.108.35.29
702,Ellary,Izakoff,eizakoffjh@youtube.com,Male,101.138.179.126
703,Noak,Bartelot,nbartelotji@a8.net,Male,4.52.135.166
704,Linus,Dionisio,ldionisiojj@yahoo.co.jp,Male,183.137.7.249
705,Tracy,Eidler,teidlerjk@bizjournals.com,Male,67.234.25.49
706,Jeremie,Kiff,jkiffjl@opensource.org,Male,114.227.210.235
707,Orazio,Malicki,omalickijm@elpais.com,Male,30.118.183.125
708,Franciskus,Oxteby,foxtebyjn@alexa.com,Male,252.204.44.160
709,Willi,Dobbyn,wdobbynjo@weibo.com,Female,89.214.178.190
710,Zedekiah,Mebius,zmebiusjp@blog.com,Male,249.201.95.23
711,Ofelia,Jeffcock,ojeffcockjq@simplemachines.org,Female,40.144.32.124
712,Jeanie,Aubray,jaubrayjr@disqus.com,Female,56.214.29.162
713,Ruggiero,Lacelett,rlacelettjs@amazon.com,Male,43.171.127.4
714,Ollie,Phipard-Shears,ophipardshearsjt@wunderground.com,Male,132.17.65.113
715,Tully,Hillett,thillettju@zimbio.com,Male,79.129.107.25
716,Genevra,Spearing,gspearingjv@people.com.cn,Female,102.235.135.1
717,Rayshell,Pothbury,rpothburyjw@w3.org,Female,69.106.100.12
718,Zolly,Bebb,zbebbjx@forbes.com,Male,188.11.214.175
719,Fonz,Lasty,flastyjy@moonfruit.com,Male,148.132.102.128
720,Lacee,Tschursch,ltschurschjz@noaa.gov,Female,108.245.136.149
721,Finley,Rahl,frahlk0@unblog.fr,Male,250.105.204.127
722,Bernard,Colbron,bcolbronk1@i2i.jp,Male,92.157.228.157
723,Ernestine,Fretwell,efretwellk2@uiuc.edu,Female,228.98.151.96
724,Amby,Crews,acrewsk3@gnu.org,Male,101.42.92.160
725,Madelle,Ebden,mebdenk4@desdev.cn,Female,206.231.163.165
726,Matt,Szwandt,mszwandtk5@amazon.co.uk,Male,14.99.250.190
727,Dillie,Jakubovicz,djakuboviczk6@oracle.com,Male,41.31.137.30
728,Jenifer,Rubenovic,jrubenovick7@illinois.edu,Female,159.101.48.173
729,Germaine,Entissle,gentisslek8@timesonline.co.uk,Male,223.182.86.255
730,Marleen,Maplesden,mmaplesdenk9@weebly.com,Female,142.40.109.154
731,Sauveur,Oxenham,soxenhamka@scientificamerican.com,Male,107.90.231.225
732,Alameda,McGuffie,amcguffiekb@hexun.com,Female,213.4.40.210
733,Geneva,Winterson,gwintersonkc@wp.com,Female,231.136.168.50
734,Bailey,Cavanaugh,bcavanaughkd@netvibes.com,Male,36.199.135.107
735,Cassey,Pauls,cpaulske@zdnet.com,Female,182.170.89.93
736,Pearle,Gregoli,pgregolikf@slate.com,Female,200.76.107.19
737,Erin,Feilden,efeildenkg@salon.com,Male,130.57.244.208
738,Bari,Peyzer,bpeyzerkh@wired.com,Female,115.137.53.77
739,Estrella,O'Hone,eohoneki@yale.edu,Female,19.193.2.147
740,Bard,Dye,bdyekj@yahoo.co.jp,Male,81.232.80.13
741,Goddart,Eymer,geymerkk@indiegogo.com,Male,239.150.151.145
742,Giff,Jiles,gjileskl@usgs.gov,Male,48.55.7.117
743,Berky,Laurent,blaurentkm@irs.gov,Male,92.216.58.168
744,Gonzalo,Cocklie,gcockliekn@wired.com,Male,136.130.206.48
745,Ninette,Fanshaw,nfanshawko@dyndns.org,Female,123.146.216.19
746,Vinny,Kubat,vkubatkp@cpanel.net,Male,47.69.167.54
747,Odessa,Stoute,ostoutekq@bing.com,Female,27.94.191.67
748,Winny,Cardon,wcardonkr@linkedin.com,Female,82.55.92.142
749,Billye,Adlington,badlingtonks@reference.com,Female,74.203.68.64
750,Terrell,Favell,tfavellkt@nps.gov,Male,119.191.80.177
751,Catie,Bau,cbauku@ameblo.jp,Female,128.99.130.90
752,Lurleen,Capon,lcaponkv@opera.com,Female,13.254.26.190
753,Edita,Bonnin,ebonninkw@aol.com,Female,184.106.16.208
754,Derrik,Craighill,dcraighillkx@jimdo.com,Male,88.92.20.41
755,Nevile,Robillard,nrobillardky@upenn.edu,Male,2.149.211.47
756,Dale,Chitty,dchittykz@dedecms.com,Male,89.142.110.24
757,Lawton,Pople,lpoplel0@unblog.fr,Male,27.154.207.237
758,Ingar,Whooley,iwhooleyl1@weebly.com,Male,243.33.79.170
759,Robers,Jollye,rjollyel2@scientificamerican.com,Male,66.249.224.57
760,Joice,Riches,jrichesl3@skyrock.com,Female,26.219.6.242
761,Malissa,Tomashov,mtomashovl4@google.ca,Female,6.13.5.73
762,Brett,Willoughey,bwillougheyl5@businessinsider.com,Male,234.91.45.140
763,Clive,Terren,cterrenl6@dagondesign.com,Male,17.81.214.42
764,Stacey,Giovanetti,sgiovanettil7@networkadvertising.org,Female,48.45.158.42
765,Allin,Lenglet,alengletl8@usa.gov,Male,46.70.225.101
766,Kaiser,Hargrove,khargrovel9@oracle.com,Male,243.50.10.23
767,Mano,Newall,mnewallla@123-reg.co.uk,Male,111.28.14.117
768,Adrian,Di Giacomettino,adigiacomettinolb@altervista.org,Female,134.250.96.158
769,Anabella,Gronw,agronwlc@huffingtonpost.com,Female,83.203.51.133
770,Christal,Kleinmann,ckleinmannld@sun.com,Female,177.116.162.185
771,Dietrich,Brewitt,dbrewittle@abc.net.au,Male,39.165.168.67
772,Carling,Dwire,cdwirelf@unicef.org,Male,74.26.208.75
773,Arnie,Ferber,aferberlg@statcounter.com,Male,221.166.51.63
774,Winnifred,Ladell,wladelllh@timesonline.co.uk,Female,62.56.229.94
775,Tomas,Doles,tdolesli@linkedin.com,Male,234.101.221.53
776,Deanna,Petrak,dpetraklj@jigsy.com,Female,0.160.233.25
777,Wilone,Kington,wkingtonlk@sakura.ne.jp,Female,102.27.121.225
778,Doralia,Bratty,dbrattyll@springer.com,Female,60.15.240.21
779,Marylynne,Schultheiss,mschultheisslm@sphinn.com,Female,238.65.199.54
780,Hadleigh,Coucher,hcoucherln@miitbeian.gov.cn,Male,46.56.102.120
781,Justen,Maith,jmaithlo@canalblog.com,Male,243.132.57.225
782,Wallas,Sarath,wsarathlp@w3.org,Male,146.67.245.9
783,Lettie,McPaik,lmcpaiklq@stumbleupon.com,Female,66.135.161.195
784,Ester,Breakwell,ebreakwelllr@wikispaces.com,Female,244.125.39.195
785,Brianne,Sell,bsellls@smh.com.au,Female,39.221.59.126
786,Nero,Gilgryst,ngilgrystlt@taobao.com,Male,63.69.201.225
787,Connie,Aleevy,caleevylu@slideshare.net,Female,216.220.75.141
788,Sharline,Skace,sskacelv@rediff.com,Female,167.99.82.66
789,Vittorio,Ferrier,vferrierlw@wikia.com,Male,49.146.23.235
790,Gwynne,Woodcock,gwoodcocklx@oaic.gov.au,Female,72.201.207.21
791,Reena,Pelosi,rpelosily@opera.com,Female,213.212.37.139
792,Barry,Laurant,blaurantlz@opera.com,Male,79.148.197.87
793,Jameson,Grossman,jgrossmanm0@aol.com,Male,254.76.149.196
794,Gwendolen,Vaughan-Hughes,gvaughanhughesm1@jalbum.net,Female,54.242.213.143
795,Eunice,Olerenshaw,eolerenshawm2@cornell.edu,Female,184.90.255.31
796,Tricia,Bushrod,tbushrodm3@posterous.com,Female,154.85.165.179
797,Bryce,List,blistm4@hatena.ne.jp,Male,172.59.244.243
798,Kizzee,Grube,kgrubem5@gov.uk,Female,153.197.239.81
799,Bone,Dunnett,bdunnettm6@drupal.org,Male,104.222.144.160
800,Rosalinde,Lufkin,rlufkinm7@nasa.gov,Female,230.125.15.13
801,Rudolf,Bernardin,rbernardinm8@mit.edu,Male,76.74.15.0
802,Claire,Trowbridge,ctrowbridgem9@berkeley.edu,Female,29.107.181.139
803,Jaime,Kearns,jkearnsma@google.pl,Male,174.140.18.249
804,Ced,Test,ctestmb@hibu.com,Male,149.190.145.35
805,Mikel,Nuth,mnuthmc@webeden.co.uk,Male,4.126.200.66
806,Leonard,Oluwatoyin,loluwatoyinmd@goo.gl,Male,9.204.232.209
807,Tami,Munslow,tmunslowme@nba.com,Female,32.248.215.122
808,Pancho,Bruyett,pbruyettmf@ezinearticles.com,Male,208.136.190.100
809,Normand,Thurby,nthurbymg@histats.com,Male,249.50.2.236
810,Al,Ackenhead,aackenheadmh@geocities.jp,Male,134.164.71.250
811,Robert,Lackington,rlackingtonmi@answers.com,Male,151.52.58.17
812,Cybill,Hark,charkmj@istockphoto.com,Female,189.122.152.64
813,Malvina,Bauduccio,mbauducciomk@feedburner.com,Female,92.169.14.149
814,Easter,Bartod,ebartodml@chicagotribune.com,Female,112.235.242.74
815,Jeanie,Brands,jbrandsmm@wufoo.com,Female,93.236.153.192
816,Brigham,Fortie,bfortiemn@marketwatch.com,Male,118.248.136.10
817,Sherrie,Beadell,sbeadellmo@imageshack.us,Female,156.140.218.81
818,Sophia,Neale,snealemp@techcrunch.com,Female,15.172.189.50
819,Xavier,Rein,xreinmq@spiegel.de,Male,97.44.29.22
820,Shea,Dossett,sdossettmr@istockphoto.com,Female,248.108.33.167
821,Carmencita,Redding,creddingms@ow.ly,Female,240.107.146.95
822,Robby,Stovine,rstovinemt@miitbeian.gov.cn,Male,93.112.175.212
823,Lelah,Siney,lsineymu@senate.gov,Female,22.67.225.99
824,Audi,Ions,aionsmv@china.com.cn,Female,49.8.241.194
825,Buddie,Treadwell,btreadwellmw@squarespace.com,Male,52.3.21.206
826,Walton,Conti,wcontimx@nbcnews.com,Male,65.109.182.212
827,Jordana,Scapens,jscapensmy@newyorker.com,Female,141.63.89.134
828,Gretta,Mansuer,gmansuermz@fc2.com,Female,151.177.40.63
829,Zeb,Humbatch,zhumbatchn0@technorati.com,Male,64.150.189.144
830,Carlo,Skamell,cskamelln1@etsy.com,Male,178.202.236.157
831,Cherice,Duddell,cduddelln2@technorati.com,Female,53.94.252.152
832,Phylis,Hoys,phoysn3@discuz.net,Female,1.202.112.110
833,Lonnard,Reckhouse,lreckhousen4@reference.com,Male,225.69.182.58
834,Juliette,Bruckent,jbruckentn5@reddit.com,Female,91.61.188.204
835,Aube,Eyrl,aeyrln6@hp.com,Male,213.152.123.218
836,Darrin,Geere,dgeeren7@csmonitor.com,Male,40.100.156.103
837,Mortie,Barhem,mbarhemn8@shutterfly.com,Male,38.155.248.140
838,Dore,Truswell,dtruswelln9@imgur.com,Female,89.144.195.45
839,Mar,Trosdall,mtrosdallna@google.nl,Male,107.177.212.173
840,Federica,Leddy,fleddynb@mysql.com,Female,204.44.173.234
841,Odille,Fraine,ofrainenc@skype.com,Female,41.235.226.125
842,Ulises,O'Ruane,uoruanend@mashable.com,Male,251.131.50.237
843,Desmund,Galland,dgallandne@mapy.cz,Male,126.220.71.251
844,Roy,McGeady,rmcgeadynf@quantcast.com,Male,17.137.72.196
845,Yorker,Emerson,yemersonng@utexas.edu,Male,103.107.171.17
846,Alix,Ceillier,aceilliernh@rambler.ru,Male,67.223.192.44
847,Sydney,Mc Gee,smcgeeni@umich.edu,Female,8.247.72.245
848,Concettina,Cloonan,ccloonannj@columbia.edu,Female,219.181.210.81
849,Sisile,Goldberg,sgoldbergnk@webs.com,Female,159.65.147.128
850,Allissa,Issac,aissacnl@live.com,Female,35.237.246.90
851,Jarvis,Westoll,jwestollnm@usatoday.com,Male,30.11.209.31
852,Ramsey,Steynor,rsteynornn@cbslocal.com,Male,77.255.242.154
853,Anett,Lodin,alodinno@icq.com,Female,184.49.25.170
854,Brook,Rolston,brolstonnp@china.com.cn,Male,248.183.192.75
855,Gauthier,Sterre,gsterrenq@who.int,Male,74.238.92.102
856,Hilary,Konertz,hkonertznr@imdb.com,Female,183.183.200.16
857,Leda,Cleeves,lcleevesns@51.la,Female,190.3.31.66
858,Clive,Eaglesham,ceagleshamnt@discovery.com,Male,94.60.230.208
859,Marius,Yousef,myousefnu@eventbrite.com,Male,5.87.52.3
860,Agneta,McCoy,amccoynv@twitpic.com,Female,52.122.201.129
861,Rolph,Knudsen,rknudsennw@cmu.edu,Male,124.16.230.104
862,Derick,Drawmer,ddrawmernx@edublogs.org,Male,100.200.109.174
863,Ingeborg,McNay,imcnayny@bandcamp.com,Female,53.164.22.51
864,Esme,Baroc,ebarocnz@google.com.au,Male,95.79.89.218
865,Ruthann,Giacomoni,rgiacomonio0@bing.com,Female,249.212.3.184
866,Brose,Bouts,bboutso1@unblog.fr,Male,243.189.84.57
867,Joey,Writer,jwritero2@live.com,Male,157.244.132.213
868,Ethelred,Brydson,ebrydsono3@yellowpages.com,Male,117.53.156.113
869,Lucienne,Connick,lconnicko4@stanford.edu,Female,103.170.69.232
870,Linn,Longford,llongfordo5@mail.ru,Male,72.214.124.192
871,Obidiah,Littler,olittlero6@rakuten.co.jp,Male,97.171.131.56
872,Maximilianus,Swatheridge,mswatheridgeo7@ovh.net,Male,17.181.139.41
873,Jerrold,Finlaison,jfinlaisono8@arizona.edu,Male,180.95.101.95
874,Nathalia,Jurzyk,njurzyko9@blinklist.com,Female,245.48.178.123
875,Dolly,Gillio,dgilliooa@cbsnews.com,Female,177.13.253.61
876,Elna,Chapman,echapmanob@indiatimes.com,Female,168.82.153.14
877,Cindi,Grafton,cgraftonoc@tumblr.com,Female,199.124.124.167
878,Roland,Dunkerton,rdunkertonod@csmonitor.com,Male,210.185.35.254
879,Katti,Heinsen,kheinsenoe@dion.ne.jp,Female,19.104.94.92
880,Gaspar,Bandt,gbandtof@nymag.com,Male,217.79.66.123
881,Ronald,Ainley,rainleyog@tmall.com,Male,129.0.116.197
882,Oates,Ambler,oambleroh@cpanel.net,Male,118.219.97.39
883,Sauncho,Glandon,sglandonoi@smugmug.com,Male,25.141.234.195
884,Kelli,Headan,kheadanoj@illinois.edu,Female,139.0.198.149
885,Sal,Ricardou,sricardouok@liveinternet.ru,Male,33.180.127.140
886,Arlene,Paradine,aparadineol@economist.com,Female,153.231.176.198
887,Rodney,Finlay,rfinlayom@home.pl,Male,187.82.196.150
888,Misha,Gawkes,mgawkeson@sciencedirect.com,Female,17.76.11.192
889,Maison,Wagg,mwaggoo@smugmug.com,Male,118.240.115.99
890,Harman,Isoldi,hisoldiop@webnode.com,Male,78.181.31.149
891,Sabra,Slisby,sslisbyoq@digg.com,Female,5.70.8.172
892,Jerrie,Dunsford,jdunsfordor@ebay.com,Male,28.120.112.185
893,Lewiss,Bywater,lbywateros@arizona.edu,Male,208.1.198.153
894,Boy,Hablot,bhablotot@xrea.com,Male,80.52.169.235
895,Kaitlin,Maddams,kmaddamsou@ow.ly,Female,229.156.77.254
896,Rhea,Garment,rgarmentov@webmd.com,Female,96.105.186.128
897,Brande,Barukh,bbarukhow@nytimes.com,Female,38.150.1.7
898,Greg,Saill,gsaillox@abc.net.au,Male,120.192.109.201
899,Sheelah,Mulvey,smulveyoy@odnoklassniki.ru,Female,68.160.165.9
900,Rolland,Darque,rdarqueoz@wikispaces.com,Male,206.3.59.98
901,Kelcey,Cormode,kcormodep0@rediff.com,Female,172.168.137.91
902,Alan,Legen,alegenp1@cnet.com,Male,148.10.180.119
903,Brigham,Crispin,bcrispinp2@gravatar.com,Male,63.226.24.59
904,Alidia,Laxe,alaxep3@bizjournals.com,Female,37.196.117.254
905,Kenton,Mildmott,kmildmottp4@infoseek.co.jp,Male,61.14.31.140
906,Tonye,Cunney,tcunneyp5@ehow.com,Female,159.89.32.172
907,Lavinie,Shadwick,lshadwickp6@blogs.com,Female,53.169.163.128
908,Schuyler,Meighan,smeighanp7@eventbrite.com,Male,67.231.160.123
909,Raleigh,Hebden,rhebdenp8@yahoo.com,Male,71.235.13.223
910,Antone,Wasielewski,awasielewskip9@ox.ac.uk,Male,98.244.98.18
911,Rutledge,Lennie,rlenniepa@deviantart.com,Male,121.102.232.6
912,Quincy,McNee,qmcneepb@vinaora.com,Male,241.244.83.28
913,Charlot,Shewan,cshewanpc@xing.com,Female,125.194.89.75
914,Hersch,Gabala,hgabalapd@blog.com,Male,67.29.13.208
915,Deeanne,Walesa,dwalesape@cpanel.net,Female,53.255.90.172
916,Nessa,Middiff,nmiddiffpf@bbc.co.uk,Female,195.50.144.22
917,Lief,Darcey,ldarceypg@csmonitor.com,Male,125.78.79.137
918,Maria,Rolinson,mrolinsonph@oakley.com,Female,146.198.25.206
919,Mollee,Piggot,mpiggotpi@elpais.com,Female,204.165.138.201
920,Kerwin,Philippe,kphilippepj@amazonaws.com,Male,254.219.2.42
921,Carrie,Anderer,candererpk@rakuten.co.jp,Female,190.11.89.80
922,Debee,Menhci,dmenhcipl@mayoclinic.com,Female,157.123.238.146
923,Damita,Morrieson,dmorriesonpm@youtube.com,Female,247.41.147.171
924,Clio,Bowich,cbowichpn@mediafire.com,Female,55.160.5.50
925,Spence,Bonnett,sbonnettpo@state.gov,Male,183.243.6.247
926,Jaimie,Shepherd,jshepherdpp@live.com,Male,223.194.38.118
927,Ogdon,Pocklington,opocklingtonpq@mayoclinic.com,Male,21.206.222.184
928,Robena,Yashunin,ryashuninpr@shop-pro.jp,Female,99.224.31.13
929,Corty,Johanssen,cjohanssenps@amazon.co.uk,Male,186.72.244.1
930,Shelby,Menhci,smenhcipt@japanpost.jp,Female,199.14.165.239
931,Marji,Leneve,mlenevepu@sfgate.com,Female,146.166.206.250
932,Hurley,Sharpous,hsharpouspv@zimbio.com,Male,158.38.7.197
933,Blinnie,Pigdon,bpigdonpw@gmpg.org,Female,9.230.226.13
934,Wendel,Jewes,wjewespx@disqus.com,Male,22.221.172.131
935,Jarid,Pietri,jpietripy@ox.ac.uk,Male,155.209.17.6
936,Lyndsey,Bennitt,lbennittpz@zdnet.com,Female,166.196.190.233
937,Bar,Leahy,bleahyq0@spiegel.de,Male,36.241.209.19
938,Ellery,Lonsdale,elonsdaleq1@squarespace.com,Male,138.34.169.104
939,Ezri,Pridgeon,epridgeonq2@w3.org,Male,255.21.123.82
940,Teena,Baile,tbaileq3@prlog.org,Female,220.184.98.73
941,Lark,Gerhardt,lgerhardtq4@amazonaws.com,Female,171.189.68.126
942,Kin,Pollak,kpollakq5@123-reg.co.uk,Male,114.153.48.214
943,Neill,Biswell,nbiswellq6@t.co,Male,177.143.194.36
944,Reggi,Bienvenu,rbienvenuq7@dion.ne.jp,Female,208.189.162.200
945,Romain,Straffon,rstraffonq8@hatena.ne.jp,Male,77.82.244.138
946,Araldo,Reneke,arenekeq9@naver.com,Male,102.113.25.111
947,Avery,Peacock,apeacockqa@etsy.com,Male,104.96.42.220
948,Joline,Gloyens,jgloyensqb@ycombinator.com,Female,79.85.219.58
949,Tiler,Goodrich,tgoodrichqc@twitter.com,Male,154.206.179.29
950,Chaddie,Pugsley,cpugsleyqd@so-net.ne.jp,Male,153.125.29.230
951,Petronella,Ronca,proncaqe@gravatar.com,Female,197.220.29.114
952,Corrine,Lautie,clautieqf@webmd.com,Female,233.226.188.238
953,Janeva,Font,jfontqg@gnu.org,Female,228.125.59.57
954,Ardelia,Spires,aspiresqh@mtv.com,Female,90.129.8.206
955,Penelope,Pereira,ppereiraqi@toplist.cz,Female,172.139.72.36
956,Aleda,Measen,ameasenqj@nyu.edu,Female,61.22.7.168
957,Theresina,Donnelly,tdonnellyqk@hostgator.com,Female,177.56.238.219
958,Torrin,Chaikovski,tchaikovskiql@pcworld.com,Male,255.67.167.197
959,Pierre,Calway,pcalwayqm@youku.com,Male,80.90.26.119
960,Granthem,Blankman,gblankmanqn@newyorker.com,Male,220.151.212.129
961,Tobit,Titman,ttitmanqo@bravesites.com,Male,117.58.30.233
962,Samuel,Beceril,sbecerilqp@tripod.com,Male,148.196.247.166
963,Theo,Truce,ttruceqq@nba.com,Male,215.232.225.173
964,Dav,Gloster,dglosterqr@latimes.com,Male,59.11.156.42
965,Cleo,Perillo,cperilloqs@forbes.com,Female,132.222.95.81
966,Carey,Sayse,csayseqt@deviantart.com,Male,21.250.121.176
967,Jasun,Martynka,jmartynkaqu@cpanel.net,Male,46.40.54.40
968,Babara,Wildber,bwildberqv@disqus.com,Female,100.206.41.94
969,Paulita,Bohin,pbohinqw@usnews.com,Female,209.179.114.108
970,Ivor,Lidell,ilidellqx@seattletimes.com,Male,71.171.64.44
971,Nicolette,Shalloo,nshallooqy@mediafire.com,Female,153.190.161.97
972,Morna,Sowman,msowmanqz@cnet.com,Female,215.80.218.7
973,Gaven,Ferraresi,gferraresir0@behance.net,Male,244.169.179.31
974,Kele,Hughlock,khughlockr1@hugedomains.com,Male,235.168.187.235
975,Baldwin,Darthe,bdarther2@usatoday.com,Male,226.236.17.79
976,Aloin,Haveline,ahaveliner3@seesaa.net,Male,242.23.160.26
977,Krystyna,Ockland,kocklandr4@ucla.edu,Female,186.217.182.203
978,Cayla,De Blasiis,cdeblasiisr5@opera.com,Female,210.52.86.35
979,Fritz,Emmatt,femmattr6@nature.com,Male,196.8.139.110
980,Nessy,Tucknott,ntucknottr7@amazon.co.jp,Female,151.78.127.183
981,Devin,Giovanetti,dgiovanettir8@wix.com,Male,113.255.86.57
982,Carrol,Presidey,cpresideyr9@stumbleupon.com,Male,4.90.77.95
983,Catrina,Eastop,ceastopra@deliciousdays.com,Female,90.181.97.80
984,Novelia,Pollastrino,npollastrinorb@cargocollective.com,Female,129.104.23.34
985,Gavrielle,Ratnege,gratnegerc@pbs.org,Female,172.137.124.229
986,Sher,Hele,shelerd@facebook.com,Female,105.190.190.152
987,Reid,Gaitskell,rgaitskellre@intel.com,Male,111.126.87.103
988,Doloritas,Coleridge,dcoleridgerf@moonfruit.com,Female,136.36.196.152
989,Karita,Stanmer,kstanmerrg@mlb.com,Female,232.157.3.124
990,Alysia,Rogliero,aroglierorh@harvard.edu,Female,149.130.88.58
991,Jordanna,Windybank,jwindybankri@jugem.jp,Female,235.145.57.67
992,Bruis,Corringham,bcorringhamrj@free.fr,Male,36.75.68.60
993,Brit,Jerson,bjersonrk@cbc.ca,Male,6.241.143.227
994,Jerald,Jaffray,jjaffrayrl@ft.com,Male,80.214.97.154
995,Mozes,O' Bee,mobeerm@sina.com.cn,Male,207.76.144.54
996,Avery,Boshers,aboshersrn@prnewswire.com,Male,113.102.98.86
997,Tab,McIlmorie,tmcilmoriero@rambler.ru,Male,199.176.109.255
998,Goober,Woolway,gwoolwayrp@tmall.com,Male,235.38.244.16
999,Joelynn,Curneen,jcurneenrq@ehow.com,Female,58.168.176.191
1000,Arlina,Ronci,aroncirr@google.nl,Female,251.84.63.213
